#node1	node2	node1_string_id	node2_string_id	neighborhood_on_chromosome	gene_fusion	phylogenetic_cooccurrence	homology	coexpression	experimentally_determined_interaction	database_annotated	automated_textmining	combined_score
Aif1	Ccl2	10090.ENSMUSP00000133709	10090.ENSMUSP00000000193	0	0	0	0	0.180	0	0	0.696	0.740
Aif1	Ccl3	10090.ENSMUSP00000133709	10090.ENSMUSP00000001008	0	0	0	0	0.101	0	0	0.541	0.570
Aif1	Slc1a3	10090.ENSMUSP00000133709	10090.ENSMUSP00000005493	0	0	0	0	0.048	0	0	0.530	0.533
Aif1	Hmox1	10090.ENSMUSP00000133709	10090.ENSMUSP00000005548	0	0	0	0	0.049	0.053	0	0.527	0.536
Aif1	Cd68	10090.ENSMUSP00000133709	10090.ENSMUSP00000018918	0	0	0	0	0.164	0	0	0.871	0.887
Aif1	Tnf	10090.ENSMUSP00000133709	10090.ENSMUSP00000025263	0	0	0	0	0.128	0.059	0	0.825	0.844
Aif1	Il6	10090.ENSMUSP00000133709	10090.ENSMUSP00000026845	0	0	0	0	0.061	0	0	0.802	0.806
Aif1	Il1b	10090.ENSMUSP00000133709	10090.ENSMUSP00000028881	0	0	0	0	0.197	0	0	0.868	0.890
Aif1	Plp1	10090.ENSMUSP00000133709	10090.ENSMUSP00000033800	0	0	0	0	0	0	0	0.456	0.456
Aif1	Mbp	10090.ENSMUSP00000133709	10090.ENSMUSP00000046185	0	0	0	0	0	0.100	0	0.782	0.795
Aif1	Cxcl10	10090.ENSMUSP00000133709	10090.ENSMUSP00000047646	0	0	0	0	0.170	0	0	0.531	0.594
Aif1	Cd14	10090.ENSMUSP00000133709	10090.ENSMUSP00000056669	0	0	0	0	0.105	0.101	0	0.382	0.460
Aif1	Gfap	10090.ENSMUSP00000133709	10090.ENSMUSP00000064691	0	0	0	0	0.050	0	0	0.928	0.929
Aif1	Tmem119	10090.ENSMUSP00000133709	10090.ENSMUSP00000070551	0	0	0	0	0.070	0	0	0.796	0.802
Aif1	Aqp4	10090.ENSMUSP00000133709	10090.ENSMUSP00000078088	0	0	0	0	0.068	0.138	0	0.659	0.702
Aif1	Slc1a2	10090.ENSMUSP00000133709	10090.ENSMUSP00000079100	0	0	0	0	0	0	0	0.583	0.583
Aif1	Nlrp3	10090.ENSMUSP00000133709	10090.ENSMUSP00000098707	0	0	0	0	0.096	0.103	0	0.490	0.550
Aif1	Mog	10090.ENSMUSP00000133709	10090.ENSMUSP00000099726	0	0	0	0	0	0	0	0.644	0.644
Aif1	Trem2	10090.ENSMUSP00000133709	10090.ENSMUSP00000108863	0	0	0	0	0.144	0	0	0.745	0.773
Aif1	Apoe	10090.ENSMUSP00000133709	10090.ENSMUSP00000133302	0	0	0	0	0.116	0	0	0.522	0.559
Aif1	P2ry12	10090.ENSMUSP00000133709	10090.ENSMUSP00000143036	0	0	0	0	0.168	0	0	0.735	0.770
Apoa1	Ccl2	10090.ENSMUSP00000034588	10090.ENSMUSP00000000193	0	0	0	0	0	0	0	0.491	0.491
Apoa1	Pon1	10090.ENSMUSP00000034588	10090.ENSMUSP00000002663	0	0	0	0	0.175	0	0.720	0.982	0.995
Apoa1	Hmgcr	10090.ENSMUSP00000034588	10090.ENSMUSP00000022176	0	0	0	0	0	0	0	0.701	0.701
Apoa1	Tnf	10090.ENSMUSP00000034588	10090.ENSMUSP00000025263	0	0	0	0	0	0	0	0.642	0.642
Apoa1	Il6	10090.ENSMUSP00000034588	10090.ENSMUSP00000026845	0	0	0	0	0	0	0	0.609	0.609
Apoa1	Il1b	10090.ENSMUSP00000034588	10090.ENSMUSP00000028881	0	0	0	0	0.043	0	0	0.514	0.515
Apoa1	Pon3	10090.ENSMUSP00000034588	10090.ENSMUSP00000031773	0	0	0	0	0.057	0	0	0.583	0.590
Apoa1	Ldlr	10090.ENSMUSP00000034588	10090.ENSMUSP00000034713	0	0	0	0	0	0	0.540	0	0.540
Apoa1	Trem2	10090.ENSMUSP00000034588	10090.ENSMUSP00000108863	0	0	0	0	0	0.082	0	0.526	0.546
Apoa1	Apoc1	10090.ENSMUSP00000034588	10090.ENSMUSP00000104091	0	0	0	0	0.275	0.075	0.720	0.982	0.996
Apoa1	Apoe	10090.ENSMUSP00000034588	10090.ENSMUSP00000133302	0	0	0	0.604	0.204	0.422	0.800	0.992	0.999
Apoa1	Apoc3	10090.ENSMUSP00000034588	10090.ENSMUSP00000113126	0	0	0	0	0.869	0	0.800	0.974	0.999
Apoc1	Pon1	10090.ENSMUSP00000104091	10090.ENSMUSP00000002663	0	0	0	0	0.349	0	0.720	0.582	0.917
Apoc1	Pon3	10090.ENSMUSP00000104091	10090.ENSMUSP00000031773	0	0	0	0	0.102	0	0	0.364	0.404
Apoc1	Ldlr	10090.ENSMUSP00000104091	10090.ENSMUSP00000034713	0	0	0	0	0	0	0.540	0.042	0.540
Apoc1	Trem2	10090.ENSMUSP00000104091	10090.ENSMUSP00000108863	0	0	0	0	0.109	0	0	0.431	0.471
Apoc1	Apoc3	10090.ENSMUSP00000104091	10090.ENSMUSP00000113126	0	0	0	0	0.349	0	0.900	0.969	0.997
Apoc1	Apoe	10090.ENSMUSP00000104091	10090.ENSMUSP00000133302	0	0	0	0	0.744	0	0.720	0.982	0.998
Apoc3	Pon1	10090.ENSMUSP00000113126	10090.ENSMUSP00000002663	0	0	0	0	0.268	0	0.720	0.638	0.919
Apoc3	Hmgcr	10090.ENSMUSP00000113126	10090.ENSMUSP00000022176	0	0	0	0	0	0	0	0.460	0.459
Apoc3	Tnf	10090.ENSMUSP00000113126	10090.ENSMUSP00000025263	0	0	0	0	0	0	0	0.413	0.413
Apoc3	Ldlr	10090.ENSMUSP00000113126	10090.ENSMUSP00000034713	0	0	0	0	0	0	0.540	0	0.540
Apoc3	Apoe	10090.ENSMUSP00000113126	10090.ENSMUSP00000133302	0	0	0	0	0.137	0	0.800	0.982	0.996
Apoe	Ccl2	10090.ENSMUSP00000133302	10090.ENSMUSP00000000193	0	0	0	0	0	0	0	0.744	0.744
Apoe	Ccl3	10090.ENSMUSP00000133302	10090.ENSMUSP00000001008	0	0	0	0	0.051	0	0	0.464	0.469
Apoe	Pon1	10090.ENSMUSP00000133302	10090.ENSMUSP00000002663	0	0	0	0	0.174	0	0.720	0.862	0.965
Apoe	Hmox1	10090.ENSMUSP00000133302	10090.ENSMUSP00000005548	0	0	0	0	0.052	0.051	0	0.604	0.612
Apoe	Cav1	10090.ENSMUSP00000133302	10090.ENSMUSP00000007799	0	0	0	0	0	0	0	0.697	0.697
Apoe	Hsd11b1	10090.ENSMUSP00000133302	10090.ENSMUSP00000016338	0	0	0	0	0.180	0	0	0.300	0.401
Apoe	Cd68	10090.ENSMUSP00000133302	10090.ENSMUSP00000018918	0	0	0	0	0.145	0	0	0.765	0.790
Apoe	Hmgcr	10090.ENSMUSP00000133302	10090.ENSMUSP00000022176	0	0	0	0	0	0	0	0.731	0.731
Apoe	Tnf	10090.ENSMUSP00000133302	10090.ENSMUSP00000025263	0	0	0	0	0	0	0	0.799	0.799
Apoe	Il6	10090.ENSMUSP00000133302	10090.ENSMUSP00000026845	0	0	0	0	0	0	0	0.783	0.783
Apoe	Il1b	10090.ENSMUSP00000133302	10090.ENSMUSP00000028881	0	0	0	0	0.074	0	0	0.752	0.761
Apoe	Bche	10090.ENSMUSP00000133302	10090.ENSMUSP00000029367	0	0	0	0	0.084	0	0	0.494	0.516
Apoe	Pon3	10090.ENSMUSP00000133302	10090.ENSMUSP00000031773	0	0	0	0	0.093	0	0	0.421	0.453
Apoe	Ldlr	10090.ENSMUSP00000133302	10090.ENSMUSP00000034713	0	0	0	0	0	0.103	0.540	0.168	0.627
Apoe	Cxcl10	10090.ENSMUSP00000133302	10090.ENSMUSP00000047646	0	0	0	0	0.067	0	0	0.446	0.461
Apoe	Cd14	10090.ENSMUSP00000133302	10090.ENSMUSP00000056669	0	0	0	0	0.068	0	0	0.410	0.427
Apoe	Gfap	10090.ENSMUSP00000133302	10090.ENSMUSP00000064691	0	0	0	0	0.132	0	0	0.543	0.587
Apoe	Tmem119	10090.ENSMUSP00000133302	10090.ENSMUSP00000070551	0	0	0	0	0	0	0	0.701	0.701
Apoe	Aqp4	10090.ENSMUSP00000133302	10090.ENSMUSP00000078088	0	0	0	0	0.082	0	0	0.437	0.461
Apoe	Nlrp3	10090.ENSMUSP00000133302	10090.ENSMUSP00000098707	0	0	0	0	0	0	0	0.466	0.465
Apoe	Trem2	10090.ENSMUSP00000133302	10090.ENSMUSP00000108863	0	0	0	0	0.111	0.198	0	0.984	0.987
Apoe	P2ry12	10090.ENSMUSP00000133302	10090.ENSMUSP00000143036	0	0	0	0	0.093	0	0	0.717	0.732
Aqp4	Slc1a3	10090.ENSMUSP00000078088	10090.ENSMUSP00000005493	0	0	0	0	0.185	0	0	0.716	0.758
Aqp4	Cav1	10090.ENSMUSP00000078088	10090.ENSMUSP00000007799	0	0	0	0	0	0.051	0	0.911	0.912
Aqp4	Cd68	10090.ENSMUSP00000078088	10090.ENSMUSP00000018918	0	0	0	0	0.065	0	0	0.407	0.422
Aqp4	Tnf	10090.ENSMUSP00000078088	10090.ENSMUSP00000025263	0	0	0	0	0	0	0	0.577	0.577
Aqp4	Il6	10090.ENSMUSP00000078088	10090.ENSMUSP00000026845	0	0	0	0	0	0	0	0.580	0.580
Aqp4	Il1b	10090.ENSMUSP00000078088	10090.ENSMUSP00000028881	0	0	0	0	0.051	0	0	0.652	0.656
Aqp4	Plp1	10090.ENSMUSP00000078088	10090.ENSMUSP00000033800	0	0	0	0	0.219	0	0	0.457	0.558
Aqp4	Mbp	10090.ENSMUSP00000078088	10090.ENSMUSP00000046185	0	0	0	0	0.137	0	0	0.810	0.829
Aqp4	Gfap	10090.ENSMUSP00000078088	10090.ENSMUSP00000064691	0	0	0	0	0.295	0	0	0.795	0.849
Aqp4	Mog	10090.ENSMUSP00000078088	10090.ENSMUSP00000099726	0	0	0	0	0.150	0	0	0.763	0.790
Aqp4	Slc1a2	10090.ENSMUSP00000078088	10090.ENSMUSP00000079100	0	0	0	0	0.192	0	0	0.902	0.918
Bche	Pon1	10090.ENSMUSP00000029367	10090.ENSMUSP00000002663	0	0	0	0	0.129	0	0	0.649	0.681
Bche	Tnf	10090.ENSMUSP00000029367	10090.ENSMUSP00000025263	0	0	0	0	0	0	0	0.490	0.489
Bche	Il6	10090.ENSMUSP00000029367	10090.ENSMUSP00000026845	0	0	0	0	0	0	0	0.643	0.643
Bche	Il1b	10090.ENSMUSP00000029367	10090.ENSMUSP00000028881	0	0	0	0	0.053	0	0	0.478	0.485
Bche	Colq	10090.ENSMUSP00000029367	10090.ENSMUSP00000107658	0	0	0	0	0	0.135	0	0.837	0.853
Casp12	Hmox1	10090.ENSMUSP00000027009	10090.ENSMUSP00000005548	0	0	0	0	0.057	0	0	0.450	0.459
Casp12	Tnf	10090.ENSMUSP00000027009	10090.ENSMUSP00000025263	0	0	0	0	0.102	0.236	0	0.536	0.654
Casp12	Il6	10090.ENSMUSP00000027009	10090.ENSMUSP00000026845	0	0	0	0	0.083	0	0	0.493	0.515
Casp12	Hspa1b	10090.ENSMUSP00000027009	10090.ENSMUSP00000133815	0	0	0	0	0	0.084	0	0.376	0.403
Casp12	Nlrp3	10090.ENSMUSP00000027009	10090.ENSMUSP00000098707	0	0	0	0	0.103	0.059	0.540	0.373	0.724
Casp12	Il1b	10090.ENSMUSP00000027009	10090.ENSMUSP00000028881	0	0	0	0	0.104	0.239	0	0.631	0.727
Casp12	Casp4	10090.ENSMUSP00000027009	10090.ENSMUSP00000027012	0	0	0.087	0.899	0.330	0	0.540	0.418	0.814
Casp4	Ccl2	10090.ENSMUSP00000027012	10090.ENSMUSP00000000193	0	0	0	0	0.306	0	0	0.354	0.532
Casp4	Ccl3	10090.ENSMUSP00000027012	10090.ENSMUSP00000001008	0	0	0	0	0.236	0	0	0.249	0.401
Casp4	Tnf	10090.ENSMUSP00000027012	10090.ENSMUSP00000025263	0	0	0	0	0.193	0.236	0	0.659	0.772
Casp4	Il6	10090.ENSMUSP00000027012	10090.ENSMUSP00000026845	0	0	0	0	0.255	0	0	0.769	0.821
Casp4	Cd14	10090.ENSMUSP00000027012	10090.ENSMUSP00000056669	0	0	0	0	0.189	0.064	0	0.341	0.456
Casp4	Cxcl10	10090.ENSMUSP00000027012	10090.ENSMUSP00000047646	0	0	0	0	0.340	0	0	0.290	0.511
Casp4	Il1b	10090.ENSMUSP00000027012	10090.ENSMUSP00000028881	0	0	0	0	0.228	0.184	0	0.844	0.893
Casp4	Nlrp3	10090.ENSMUSP00000027012	10090.ENSMUSP00000098707	0	0	0	0	0.119	0.059	0.720	0.975	0.993
Cav1	Cav2	10090.ENSMUSP00000007799	10090.ENSMUSP00000000058	0	0	0.109	0.842	0.647	0.558	0.900	0.984	0.999
Cav1	Ccl2	10090.ENSMUSP00000007799	10090.ENSMUSP00000000193	0	0	0	0	0.111	0	0	0.491	0.528
Cav1	Hmox1	10090.ENSMUSP00000007799	10090.ENSMUSP00000005548	0	0	0	0	0.082	0	0	0.681	0.694
Cav1	Hmgcr	10090.ENSMUSP00000007799	10090.ENSMUSP00000022176	0	0	0	0	0	0	0	0.432	0.432
Cav1	Nlrp3	10090.ENSMUSP00000007799	10090.ENSMUSP00000098707	0	0	0	0	0.047	0	0	0.482	0.485
Cav1	Il1b	10090.ENSMUSP00000007799	10090.ENSMUSP00000028881	0	0	0	0	0.057	0	0	0.515	0.523
Cav1	Il6	10090.ENSMUSP00000007799	10090.ENSMUSP00000026845	0	0	0	0	0.085	0	0	0.588	0.607
Cav1	Hspa1b	10090.ENSMUSP00000007799	10090.ENSMUSP00000133815	0	0	0	0	0.072	0	0	0.603	0.616
Cav1	Tnf	10090.ENSMUSP00000007799	10090.ENSMUSP00000025263	0	0	0	0	0	0.093	0	0.606	0.627
Cav1	Txnrd1	10090.ENSMUSP00000007799	10090.ENSMUSP00000152046	0	0	0	0	0	0.300	0	0.539	0.663
Ccl2	Tmem119	10090.ENSMUSP00000000193	10090.ENSMUSP00000070551	0	0	0	0	0.067	0	0	0.400	0.417
Ccl2	Mbp	10090.ENSMUSP00000000193	10090.ENSMUSP00000046185	0	0	0	0	0	0	0	0.419	0.419
Ccl2	Pon1	10090.ENSMUSP00000000193	10090.ENSMUSP00000002663	0	0	0	0	0.082	0	0	0.394	0.420
Ccl2	Nqo1	10090.ENSMUSP00000000193	10090.ENSMUSP00000003947	0	0	0	0	0.054	0	0	0.427	0.435
Ccl2	Hmgcr	10090.ENSMUSP00000000193	10090.ENSMUSP00000022176	0	0	0	0	0.047	0	0	0.460	0.464
Ccl2	Hspa1b	10090.ENSMUSP00000000193	10090.ENSMUSP00000133815	0	0	0	0	0.072	0	0	0.453	0.471
Ccl2	P2ry12	10090.ENSMUSP00000000193	10090.ENSMUSP00000143036	0	0	0	0	0.083	0	0	0.473	0.496
Ccl2	Mog	10090.ENSMUSP00000000193	10090.ENSMUSP00000099726	0	0	0	0	0	0	0	0.496	0.496
Ccl2	Trem2	10090.ENSMUSP00000000193	10090.ENSMUSP00000108863	0	0	0	0	0.136	0	0	0.526	0.573
Ccl2	Gfap	10090.ENSMUSP00000000193	10090.ENSMUSP00000064691	0	0	0	0	0.054	0	0	0.589	0.594
Ccl2	Nlrp3	10090.ENSMUSP00000000193	10090.ENSMUSP00000098707	0	0	0	0	0.140	0	0	0.607	0.647
Ccl2	Hmox1	10090.ENSMUSP00000000193	10090.ENSMUSP00000005548	0	0	0	0	0.144	0	0	0.676	0.711
Ccl2	Cd14	10090.ENSMUSP00000000193	10090.ENSMUSP00000056669	0	0	0	0	0.225	0	0	0.648	0.715
Ccl2	Cd68	10090.ENSMUSP00000000193	10090.ENSMUSP00000018918	0	0	0	0	0.177	0	0	0.808	0.835
Ccl2	Ccl3	10090.ENSMUSP00000000193	10090.ENSMUSP00000001008	0	0	0.082	0.852	0.366	0.649	0	0.335	0.846
Ccl2	Il1b	10090.ENSMUSP00000000193	10090.ENSMUSP00000028881	0	0	0	0	0.325	0	0	0.912	0.938
Ccl2	Cxcl10	10090.ENSMUSP00000000193	10090.ENSMUSP00000047646	0	0	0	0	0.506	0.132	0	0.901	0.953
Ccl2	Tnf	10090.ENSMUSP00000000193	10090.ENSMUSP00000025263	0	0	0	0	0.392	0	0	0.930	0.956
Ccl2	Il6	10090.ENSMUSP00000000193	10090.ENSMUSP00000026845	0	0	0	0	0.600	0	0	0.941	0.975
Ccl3	P2ry12	10090.ENSMUSP00000001008	10090.ENSMUSP00000143036	0	0	0	0	0.102	0	0	0.378	0.417
Ccl3	Hmox1	10090.ENSMUSP00000001008	10090.ENSMUSP00000005548	0	0	0	0	0.080	0	0	0.426	0.450
Ccl3	Gfap	10090.ENSMUSP00000001008	10090.ENSMUSP00000064691	0	0	0	0	0.073	0	0	0.436	0.455
Ccl3	Trem2	10090.ENSMUSP00000001008	10090.ENSMUSP00000108863	0	0	0	0	0.172	0	0	0.441	0.517
Ccl3	Nlrp3	10090.ENSMUSP00000001008	10090.ENSMUSP00000098707	0	0	0	0	0.217	0	0	0.432	0.536
Ccl3	Cd14	10090.ENSMUSP00000001008	10090.ENSMUSP00000056669	0	0	0	0	0.358	0	0	0.517	0.676
Ccl3	Cd68	10090.ENSMUSP00000001008	10090.ENSMUSP00000018918	0	0	0	0	0.189	0	0	0.654	0.708
Ccl3	Il6	10090.ENSMUSP00000001008	10090.ENSMUSP00000026845	0	0	0	0	0.221	0	0	0.900	0.919
Ccl3	Il1b	10090.ENSMUSP00000001008	10090.ENSMUSP00000028881	0	0	0	0	0.426	0	0	0.894	0.936
Ccl3	Tnf	10090.ENSMUSP00000001008	10090.ENSMUSP00000025263	0	0	0	0	0.634	0	0	0.883	0.955
Ccl3	Cxcl10	10090.ENSMUSP00000001008	10090.ENSMUSP00000047646	0	0	0	0	0.446	0.132	0	0.935	0.966
Cd14	Hmox1	10090.ENSMUSP00000056669	10090.ENSMUSP00000005548	0	0	0	0	0.177	0	0	0.305	0.403
Cd14	Cd68	10090.ENSMUSP00000056669	10090.ENSMUSP00000018918	0	0	0	0	0.332	0.042	0	0.683	0.779
Cd14	Tnf	10090.ENSMUSP00000056669	10090.ENSMUSP00000025263	0	0	0	0	0.214	0.042	0	0.769	0.810
Cd14	Il6	10090.ENSMUSP00000056669	10090.ENSMUSP00000026845	0	0	0	0	0.145	0	0	0.745	0.773
Cd14	Il1b	10090.ENSMUSP00000056669	10090.ENSMUSP00000028881	0	0	0	0	0.312	0	0	0.715	0.796
Cd14	Cxcl10	10090.ENSMUSP00000056669	10090.ENSMUSP00000047646	0	0	0	0	0.146	0	0	0.511	0.564
Cd14	Trem2	10090.ENSMUSP00000056669	10090.ENSMUSP00000108863	0	0	0	0	0.154	0	0	0.389	0.460
Cd14	Nlrp3	10090.ENSMUSP00000056669	10090.ENSMUSP00000098707	0	0	0	0	0.144	0	0	0.515	0.567
Cd14	Hspa1b	10090.ENSMUSP00000056669	10090.ENSMUSP00000133815	0	0	0	0	0.057	0.102	0	0.559	0.594
Cd68	Hmox1	10090.ENSMUSP00000018918	10090.ENSMUSP00000005548	0	0	0	0	0.202	0	0	0.512	0.594
Cd68	Mog	10090.ENSMUSP00000018918	10090.ENSMUSP00000099726	0	0	0	0	0	0	0	0.427	0.427
Cd68	Nlrp3	10090.ENSMUSP00000018918	10090.ENSMUSP00000098707	0	0	0	0	0.188	0	0	0.456	0.539
Cd68	Mbp	10090.ENSMUSP00000018918	10090.ENSMUSP00000046185	0	0	0	0	0.053	0.061	0	0.597	0.611
Cd68	Tmem119	10090.ENSMUSP00000018918	10090.ENSMUSP00000070551	0	0	0	0	0.060	0	0	0.675	0.681
Cd68	Cxcl10	10090.ENSMUSP00000018918	10090.ENSMUSP00000047646	0	0	0	0	0.087	0	0	0.761	0.772
Cd68	P2ry12	10090.ENSMUSP00000018918	10090.ENSMUSP00000143036	0	0	0	0	0.073	0	0	0.778	0.785
Cd68	Il1b	10090.ENSMUSP00000018918	10090.ENSMUSP00000028881	0	0	0	0	0.160	0	0	0.833	0.853
Cd68	Il6	10090.ENSMUSP00000018918	10090.ENSMUSP00000026845	0	0	0	0	0.088	0	0	0.850	0.857
Cd68	Tnf	10090.ENSMUSP00000018918	10090.ENSMUSP00000025263	0	0	0	0	0.163	0.072	0	0.842	0.866
Cd68	Gfap	10090.ENSMUSP00000018918	10090.ENSMUSP00000064691	0	0	0	0	0.075	0	0	0.870	0.874
Cd68	Trem2	10090.ENSMUSP00000018918	10090.ENSMUSP00000108863	0	0	0	0	0.468	0	0	0.777	0.876
Chrm3	Chrnb2	10090.ENSMUSP00000140131	10090.ENSMUSP00000029562	0	0	0	0	0.086	0	0	0.437	0.464
Chrna10	Chrnb2	10090.ENSMUSP00000081891	10090.ENSMUSP00000029562	0	0	0.070	0.867	0.051	0	0.540	0.129	0.599
Chrnb2	Il1b	10090.ENSMUSP00000029562	10090.ENSMUSP00000028881	0	0	0	0	0	0	0	0.531	0.531
Cxcl10	Hmox1	10090.ENSMUSP00000047646	10090.ENSMUSP00000005548	0	0	0	0	0.066	0	0	0.450	0.464
Cxcl10	Tnf	10090.ENSMUSP00000047646	10090.ENSMUSP00000025263	0	0	0	0	0.391	0	0	0.894	0.932
Cxcl10	Il6	10090.ENSMUSP00000047646	10090.ENSMUSP00000026845	0	0	0	0	0.305	0	0	0.893	0.922
Cxcl10	Il1b	10090.ENSMUSP00000047646	10090.ENSMUSP00000028881	0	0	0	0	0.271	0	0	0.888	0.915
Cxcl10	Tmem119	10090.ENSMUSP00000047646	10090.ENSMUSP00000070551	0	0	0	0	0	0	0	0.405	0.405
Cxcl10	Trem2	10090.ENSMUSP00000047646	10090.ENSMUSP00000108863	0	0	0	0	0.054	0	0	0.410	0.417
Cxcl10	Mog	10090.ENSMUSP00000047646	10090.ENSMUSP00000099726	0	0	0	0	0	0	0	0.418	0.418
Cxcl10	Gfap	10090.ENSMUSP00000047646	10090.ENSMUSP00000064691	0	0	0	0	0.079	0	0	0.475	0.497
Cxcl10	Nlrp3	10090.ENSMUSP00000047646	10090.ENSMUSP00000098707	0	0	0	0	0.119	0	0	0.535	0.573
Fdft1	Hmgcr	10090.ENSMUSP00000153671	10090.ENSMUSP00000022176	0.062	0	0	0	0.389	0.071	0	0.896	0.937
Fdft1	Sqle	10090.ENSMUSP00000153671	10090.ENSMUSP00000022977	0	0	0.223	0	0.639	0	0.900	0.941	0.998
Fdft1	Insig1	10090.ENSMUSP00000153671	10090.ENSMUSP00000061877	0	0	0	0	0.350	0	0	0.728	0.816
Fkbp5	Hsd11b1	10090.ENSMUSP00000110440	10090.ENSMUSP00000016338	0	0	0	0	0	0	0	0.503	0.503
Fkbp5	Il6	10090.ENSMUSP00000110440	10090.ENSMUSP00000026845	0	0	0	0	0.102	0	0	0.561	0.588
Fkbp5	Il1b	10090.ENSMUSP00000110440	10090.ENSMUSP00000028881	0	0	0	0	0.091	0	0	0.523	0.547
Fkbp5	Hspa1a	10090.ENSMUSP00000110440	10090.ENSMUSP00000084586	0	0	0	0	0.102	0.096	0.500	0.232	0.646
Fkbp5	Hspa1b	10090.ENSMUSP00000110440	10090.ENSMUSP00000133815	0	0	0	0	0.102	0.096	0.500	0.986	0.993
Gfap	Slc1a3	10090.ENSMUSP00000064691	10090.ENSMUSP00000005493	0	0	0	0	0.127	0	0	0.746	0.769
Gfap	Hmox1	10090.ENSMUSP00000064691	10090.ENSMUSP00000005548	0	0	0	0	0.047	0.042	0	0.463	0.467
Gfap	Tnf	10090.ENSMUSP00000064691	10090.ENSMUSP00000025263	0	0	0	0	0.085	0.075	0	0.714	0.736
Gfap	Il6	10090.ENSMUSP00000064691	10090.ENSMUSP00000026845	0	0	0	0	0.079	0	0	0.825	0.832
Gfap	Il1b	10090.ENSMUSP00000064691	10090.ENSMUSP00000028881	0	0	0	0	0.067	0	0	0.753	0.760
Gfap	Plp1	10090.ENSMUSP00000064691	10090.ENSMUSP00000033800	0	0	0	0	0.271	0.222	0	0.642	0.779
Gfap	Mbp	10090.ENSMUSP00000064691	10090.ENSMUSP00000046185	0	0	0	0	0.214	0	0	0.893	0.912
Gfap	P2ry12	10090.ENSMUSP00000064691	10090.ENSMUSP00000143036	0	0	0	0	0.113	0	0	0.523	0.559
Gfap	Trem2	10090.ENSMUSP00000064691	10090.ENSMUSP00000108863	0	0	0	0	0.125	0	0	0.559	0.598
Gfap	Tmem119	10090.ENSMUSP00000064691	10090.ENSMUSP00000070551	0	0	0	0	0.042	0	0	0.637	0.637
Gfap	Mog	10090.ENSMUSP00000064691	10090.ENSMUSP00000099726	0	0	0	0	0.207	0	0	0.642	0.704
Gfap	Slc1a2	10090.ENSMUSP00000064691	10090.ENSMUSP00000079100	0	0	0	0	0.191	0	0	0.749	0.788
Gsr	Nqo1	10090.ENSMUSP00000033992	10090.ENSMUSP00000003947	0	0	0	0	0.122	0	0	0.754	0.775
Gsr	Hmox1	10090.ENSMUSP00000033992	10090.ENSMUSP00000005548	0	0	0	0	0.082	0.060	0	0.768	0.782
Gsr	Tnf	10090.ENSMUSP00000033992	10090.ENSMUSP00000025263	0	0	0	0	0	0	0	0.606	0.606
Gsr	Il6	10090.ENSMUSP00000033992	10090.ENSMUSP00000026845	0	0	0	0	0	0	0	0.584	0.584
Gsr	Il1b	10090.ENSMUSP00000033992	10090.ENSMUSP00000028881	0	0	0	0	0	0	0	0.564	0.564
Gsr	Hspa1b	10090.ENSMUSP00000033992	10090.ENSMUSP00000133815	0	0	0	0	0.093	0.052	0	0.450	0.485
Gsr	Txnrd1	10090.ENSMUSP00000033992	10090.ENSMUSP00000152046	0	0	0.117	0.832	0.190	0.050	0	0.403	0.540
Gsr	Srxn1	10090.ENSMUSP00000033992	10090.ENSMUSP00000046196	0	0	0	0	0.120	0	0	0.777	0.795
Hmgcr	Pon1	10090.ENSMUSP00000022176	10090.ENSMUSP00000002663	0	0	0	0	0	0	0	0.413	0.413
Hmgcr	Hmox1	10090.ENSMUSP00000022176	10090.ENSMUSP00000005548	0	0	0	0	0	0	0	0.594	0.594
Hmgcr	Il1b	10090.ENSMUSP00000022176	10090.ENSMUSP00000028881	0	0	0	0	0	0	0	0.531	0.531
Hmgcr	Tnf	10090.ENSMUSP00000022176	10090.ENSMUSP00000025263	0	0	0	0	0	0	0	0.607	0.607
Hmgcr	Il6	10090.ENSMUSP00000022176	10090.ENSMUSP00000026845	0	0	0	0	0.047	0	0	0.605	0.608
Hmgcr	Sqle	10090.ENSMUSP00000022176	10090.ENSMUSP00000022977	0	0	0	0	0.805	0	0	0.899	0.979
Hmgcr	Insig1	10090.ENSMUSP00000022176	10090.ENSMUSP00000061877	0	0	0	0	0.373	0.558	0	0.973	0.992
Hmox1	Nqo1	10090.ENSMUSP00000005548	10090.ENSMUSP00000003947	0	0	0	0	0.100	0	0	0.910	0.915
Hmox1	Nlrp3	10090.ENSMUSP00000005548	10090.ENSMUSP00000098707	0	0	0	0	0.071	0	0	0.459	0.475
Hmox1	Hspa1a	10090.ENSMUSP00000005548	10090.ENSMUSP00000084586	0	0	0	0	0.081	0	0	0.454	0.477
Hmox1	Srxn1	10090.ENSMUSP00000005548	10090.ENSMUSP00000046196	0	0	0	0	0.168	0	0	0.648	0.694
Hmox1	Txnrd1	10090.ENSMUSP00000005548	10090.ENSMUSP00000152046	0	0	0	0	0.130	0.064	0	0.724	0.756
Hmox1	Hspa1b	10090.ENSMUSP00000005548	10090.ENSMUSP00000133815	0	0	0	0	0.071	0	0	0.778	0.785
Hmox1	Il6	10090.ENSMUSP00000005548	10090.ENSMUSP00000026845	0	0	0	0	0.047	0	0	0.827	0.828
Hmox1	Tnf	10090.ENSMUSP00000005548	10090.ENSMUSP00000025263	0	0	0	0	0.067	0	0	0.842	0.846
Hmox1	Il1b	10090.ENSMUSP00000005548	10090.ENSMUSP00000028881	0	0	0	0	0.079	0	0	0.849	0.855
Hsd11b1	Il6	10090.ENSMUSP00000016338	10090.ENSMUSP00000026845	0	0	0	0	0	0	0	0.441	0.441
Hsd11b1	Tnf	10090.ENSMUSP00000016338	10090.ENSMUSP00000025263	0	0	0	0	0	0.063	0	0.457	0.469
Hspa1a	Nqo1	10090.ENSMUSP00000084586	10090.ENSMUSP00000003947	0	0	0	0	0	0.326	0	0.202	0.439
Hspa1a	Tnf	10090.ENSMUSP00000084586	10090.ENSMUSP00000025263	0	0	0	0	0.073	0.096	0	0.490	0.535
Hspa1a	Il6	10090.ENSMUSP00000084586	10090.ENSMUSP00000026845	0	0	0	0	0.108	0	0	0.491	0.526
Hspa1a	Il1b	10090.ENSMUSP00000084586	10090.ENSMUSP00000028881	0	0	0	0	0.080	0	0	0.410	0.434
Hspa1a	Hspa1b	10090.ENSMUSP00000084586	10090.ENSMUSP00000133815	0	0	0.046	0.988	0.889	0.292	0.400	0.050	0.949
Hspa1b	Nqo1	10090.ENSMUSP00000133815	10090.ENSMUSP00000003947	0	0	0	0	0	0	0	0.401	0.401
Hspa1b	Tnf	10090.ENSMUSP00000133815	10090.ENSMUSP00000025263	0	0	0	0	0.063	0.096	0	0.801	0.816
Hspa1b	Il6	10090.ENSMUSP00000133815	10090.ENSMUSP00000026845	0	0	0	0	0.106	0	0	0.667	0.689
Hspa1b	Il1b	10090.ENSMUSP00000133815	10090.ENSMUSP00000028881	0	0	0	0	0.069	0	0	0.810	0.815
Hspa1b	Mbp	10090.ENSMUSP00000133815	10090.ENSMUSP00000046185	0	0	0	0	0.065	0	0	0.695	0.702
Hspa1b	Slc1a2	10090.ENSMUSP00000133815	10090.ENSMUSP00000079100	0	0	0	0	0	0.065	0	0.537	0.549
Il1b	Pon1	10090.ENSMUSP00000028881	10090.ENSMUSP00000002663	0	0	0	0	0.080	0	0	0.412	0.436
Il1b	Nqo1	10090.ENSMUSP00000028881	10090.ENSMUSP00000003947	0	0	0	0	0	0	0	0.653	0.653
Il1b	Slc1a3	10090.ENSMUSP00000028881	10090.ENSMUSP00000005493	0	0	0	0	0	0	0	0.474	0.474
Il1b	Tnf	10090.ENSMUSP00000028881	10090.ENSMUSP00000025263	0	0	0	0	0.655	0	0	0.969	0.989
Il1b	Il6	10090.ENSMUSP00000028881	10090.ENSMUSP00000026845	0	0	0	0	0.527	0	0	0.966	0.983
Il1b	Tmem119	10090.ENSMUSP00000028881	10090.ENSMUSP00000070551	0	0	0	0	0.045	0	0	0.474	0.476
Il1b	Slc1a2	10090.ENSMUSP00000028881	10090.ENSMUSP00000079100	0	0	0	0	0.043	0	0	0.532	0.533
Il1b	Mog	10090.ENSMUSP00000028881	10090.ENSMUSP00000099726	0	0	0	0	0	0	0	0.571	0.571
Il1b	Mbp	10090.ENSMUSP00000028881	10090.ENSMUSP00000046185	0	0	0	0	0	0	0	0.584	0.584
Il1b	P2ry12	10090.ENSMUSP00000028881	10090.ENSMUSP00000143036	0	0	0	0	0.051	0	0	0.636	0.640
Il1b	Trem2	10090.ENSMUSP00000028881	10090.ENSMUSP00000108863	0	0	0	0	0.125	0	0	0.678	0.706
Il1b	Nlrp3	10090.ENSMUSP00000028881	10090.ENSMUSP00000098707	0	0	0	0	0.388	0.070	0.900	0.916	0.994
Il6	Pon1	10090.ENSMUSP00000026845	10090.ENSMUSP00000002663	0	0	0	0	0	0	0	0.489	0.489
Il6	Nqo1	10090.ENSMUSP00000026845	10090.ENSMUSP00000003947	0	0	0	0	0	0	0	0.648	0.648
Il6	Slc1a3	10090.ENSMUSP00000026845	10090.ENSMUSP00000005493	0	0	0	0	0	0	0	0.452	0.452
Il6	Tnf	10090.ENSMUSP00000026845	10090.ENSMUSP00000025263	0	0	0	0	0.301	0	0	0.962	0.972
Il6	Txnrd1	10090.ENSMUSP00000026845	10090.ENSMUSP00000152046	0	0	0	0	0.064	0	0	0.387	0.401
Il6	Slc1a2	10090.ENSMUSP00000026845	10090.ENSMUSP00000079100	0	0	0	0	0	0	0	0.478	0.478
Il6	P2ry12	10090.ENSMUSP00000026845	10090.ENSMUSP00000143036	0	0	0	0	0	0	0	0.517	0.517
Il6	Mog	10090.ENSMUSP00000026845	10090.ENSMUSP00000099726	0	0	0	0	0.046	0	0	0.661	0.662
Il6	Trem2	10090.ENSMUSP00000026845	10090.ENSMUSP00000108863	0	0	0	0	0	0	0	0.676	0.676
Il6	Mbp	10090.ENSMUSP00000026845	10090.ENSMUSP00000046185	0	0	0	0	0	0	0	0.682	0.682
Il6	Nlrp3	10090.ENSMUSP00000026845	10090.ENSMUSP00000098707	0	0	0	0	0.180	0	0	0.741	0.778
Insig1	Sqle	10090.ENSMUSP00000061877	10090.ENSMUSP00000022977	0	0	0	0	0.488	0	0	0.660	0.819
Ldlr	Pon1	10090.ENSMUSP00000034713	10090.ENSMUSP00000002663	0	0	0	0	0	0	0.540	0.057	0.547
Ldlr	Sqle	10090.ENSMUSP00000034713	10090.ENSMUSP00000022977	0	0	0	0	0.575	0	0	0.047	0.578
Mbp	Slc1a3	10090.ENSMUSP00000046185	10090.ENSMUSP00000005493	0	0	0	0	0.148	0	0	0.401	0.469
Mbp	Tnf	10090.ENSMUSP00000046185	10090.ENSMUSP00000025263	0	0	0	0	0.080	0	0	0.653	0.667
Mbp	Plp1	10090.ENSMUSP00000046185	10090.ENSMUSP00000033800	0	0	0	0	0.585	0.289	0	0.918	0.973
Mbp	Slc1a2	10090.ENSMUSP00000046185	10090.ENSMUSP00000079100	0	0	0	0	0.088	0	0	0.398	0.428
Mbp	Mog	10090.ENSMUSP00000046185	10090.ENSMUSP00000099726	0	0	0	0	0.234	0	0	0.938	0.950
Mog	Tnf	10090.ENSMUSP00000099726	10090.ENSMUSP00000025263	0	0	0	0	0.049	0	0	0.667	0.669
Mog	Plp1	10090.ENSMUSP00000099726	10090.ENSMUSP00000033800	0	0	0	0	0.218	0	0	0.839	0.868
Nfatc4	Rcan1	10090.ENSMUSP00000024179	10090.ENSMUSP00000060394	0	0	0	0	0	0	0	0.585	0.585
Nfatc4	Tnf	10090.ENSMUSP00000024179	10090.ENSMUSP00000025263	0	0	0	0	0	0.415	0	0.355	0.606
Nlrp3	Tnf	10090.ENSMUSP00000098707	10090.ENSMUSP00000025263	0	0	0	0	0.347	0	0	0.781	0.850
Nlrp3	Trem2	10090.ENSMUSP00000098707	10090.ENSMUSP00000108863	0	0	0	0	0.132	0	0	0.369	0.428
Nqo1	Tnf	10090.ENSMUSP00000003947	10090.ENSMUSP00000025263	0	0	0	0	0	0.097	0	0.661	0.680
Nqo1	Txnrd1	10090.ENSMUSP00000003947	10090.ENSMUSP00000152046	0	0	0	0	0.110	0	0	0.747	0.765
Nqo1	Srxn1	10090.ENSMUSP00000003947	10090.ENSMUSP00000046196	0	0	0	0	0.343	0	0	0.774	0.845
P2ry12	Tnf	10090.ENSMUSP00000143036	10090.ENSMUSP00000025263	0	0	0	0	0	0	0	0.521	0.521
P2ry12	Tmem119	10090.ENSMUSP00000143036	10090.ENSMUSP00000070551	0	0	0	0	0.079	0	0	0.873	0.878
P2ry12	Trem2	10090.ENSMUSP00000143036	10090.ENSMUSP00000108863	0	0	0	0	0.096	0	0	0.872	0.879
Plp1	Slc1a3	10090.ENSMUSP00000033800	10090.ENSMUSP00000005493	0	0	0	0	0.121	0	0	0.346	0.401
Plp1	Slc1a2	10090.ENSMUSP00000033800	10090.ENSMUSP00000079100	0	0	0	0	0.160	0	0	0.375	0.452
Pon1	Tnf	10090.ENSMUSP00000002663	10090.ENSMUSP00000025263	0	0	0	0	0	0	0	0.485	0.485
Pon1	Pon2	10090.ENSMUSP00000002663	10090.ENSMUSP00000062670	0	0	0.056	0.968	0	0	0.500	0.062	0.519
Pon1	Pon3	10090.ENSMUSP00000002663	10090.ENSMUSP00000031773	0	0	0.059	0.963	0.194	0	0.700	0.068	0.759
Pon2	Pon3	10090.ENSMUSP00000062670	10090.ENSMUSP00000031773	0	0	0.057	0.967	0.071	0	0.500	0.067	0.536
Slc1a2	Slc1a3	10090.ENSMUSP00000079100	10090.ENSMUSP00000005493	0	0	0.073	0.935	0.122	0	0.900	0.102	0.917
Slc1a2	Tnf	10090.ENSMUSP00000079100	10090.ENSMUSP00000025263	0	0	0	0	0.041	0	0	0.529	0.529
Slc1a3	Tnf	10090.ENSMUSP00000005493	10090.ENSMUSP00000025263	0	0	0	0	0	0	0	0.492	0.491
Srxn1	Txnrd1	10090.ENSMUSP00000046196	10090.ENSMUSP00000152046	0	0	0	0	0.193	0	0	0.849	0.873
Tmem119	Tnf	10090.ENSMUSP00000070551	10090.ENSMUSP00000025263	0	0	0	0	0	0	0	0.412	0.412
Tmem119	Trem2	10090.ENSMUSP00000070551	10090.ENSMUSP00000108863	0	0	0	0	0.117	0	0	0.828	0.841
Tnf	Txnrd1	10090.ENSMUSP00000025263	10090.ENSMUSP00000152046	0	0	0	0	0.051	0	0	0.435	0.440
Tnf	Trem2	10090.ENSMUSP00000025263	10090.ENSMUSP00000108863	0	0	0	0	0.097	0	0	0.650	0.670
